,id_nuts,area,lat,lon
0,AT111,0.081,47.51603,16.47774
1,AT112,0.253,47.85091,16.76766
2,AT113,0.198,47.1654,16.25529
3,AT121,0.431,48.06012,14.99859
4,AT122,0.425,47.7752,15.89933
5,AT123,0.172,48.14185,15.63153
6,AT124,0.583,48.64689,15.30838
7,AT125,0.212,48.63259,16.33428
8,AT126,0.37,48.35994,16.34597
9,AT127,0.185,48.06139,16.45673
10,AT130,0.032,48.21058,16.39898
11,AT211,0.218,46.60737,14.01557
12,AT212,0.507,46.84464,13.30778
13,AT213,0.381,46.76995,14.58285
14,AT221,0.137,47.12214,15.35659
15,AT222,0.438,47.53001,14.22656
16,AT223,0.366,47.5073,15.20357
17,AT224,0.403,47.13168,15.81533
18,AT225,0.254,46.87403,15.23222
19,AT226,0.393,47.16851,14.38353
20,AT311,0.341,48.23616,13.39038
21,AT312,0.259,48.23864,14.13332
22,AT313,0.337,48.49359,14.3525
23,AT314,0.211,47.88157,14.31994
24,AT315,0.291,47.82771,13.66639
25,AT321,0.1,47.12921,13.65134
26,BE310,0.136,50.66614,4.58363
27,BE321,0.063,50.62594,3.70482
28,BE322,0.07,50.46524,4.42126
29,BE323,0.079,50.44256,3.86061
30,BE325,0.074,50.6023,4.0506
31,BE326,0.174,50.20503,4.26001
32,BE327,0.073,50.62585,3.4245
33,BE331,0.095,50.49139,5.35804
34,BE332,0.108,50.62947,5.61582
35,BE334,0.044,50.66856,5.17943
36,BE335,0.169,50.52308,5.94202
37,BE336,0.1,50.32983,6.18542
38,BE341,0.041,49.68599,5.78202
39,BE342,0.156,50.08964,5.74395
40,BE343,0.093,50.23328,5.48353
41,BE344,0.178,49.89543,5.30421
42,BE345,0.091,49.6517,5.51679
43,BE351,0.208,50.14979,5.03971
44,BE352,0.149,50.45374,4.85298
45,BE353,0.084,50.16518,4.58985
46,BG311,0.31,43.822,22.70058
47,BG312,0.361,43.51148,23.16781
48,BG313,0.432,43.38943,23.73669
49,BG314,0.474,43.49525,24.60237
50,BG315,0.504,43.0436,24.56677
51,BG321,0.492,43.194,25.63841
52,BG322,0.224,42.93841,25.24397
53,BG323,0.309,43.66036,25.97763
54,BG324,0.236,43.6491,26.57868
55,BG325,0.362,43.92493,27.0432
56,BG331,0.45,43.17811,27.5947
57,BG332,0.531,43.6482,27.97217
58,BG333,0.378,43.30314,27.00495
59,BG334,0.323,43.24038,26.37137
60,BG341,0.856,42.48333,27.30296
61,BG342,0.417,42.65413,26.24369
62,BG343,0.33,42.26789,26.65832
63,BG344,0.516,42.44282,25.58496
64,BG411,0.184,42.67733,23.42161
65,BG412,0.747,42.71752,23.60138
66,BG413,0.699,41.72019,23.42209
67,BG414,0.281,42.61609,22.84452
68,BG415,0.318,42.24363,22.88571
69,BG421,0.707,42.25024,24.83914
70,BG422,0.585,41.88125,25.93927
71,BG423,0.486,42.14427,24.13818
72,BG424,0.343,41.61372,24.64594
73,BG425,0.388,41.54453,25.45503
74,CY000,0.879,35.07774,33.2374
75,CZ010,0.029,50.02252,14.41066
76,CZ020,1.377,49.99688,14.53556
77,CZ031,1.153,49.10777,14.39529
78,CZ032,0.981,49.61263,13.21134
79,CZ041,0.418,50.18891,12.7106
80,CZ042,0.646,50.53007,13.84532
81,CZ051,0.404,50.7109,14.98051
82,CZ052,0.61,50.3934,15.80329
83,CZ053,0.63,49.90403,16.22844
84,CZ063,0.896,49.40154,15.65838
85,CZ064,0.901,49.05821,16.631
86,CZ071,0.639,49.77288,17.21394
87,CZ072,0.476,49.21877,17.71355
88,CZ080,0.694,49.80918,18.03234
89,CH011,0.42,46.55032,6.65316
90,CH012,0.662,46.225,7.63335
91,CH013,0.026,46.23637,6.14005
92,CH021,0.691,46.83062,7.61514
93,CH022,0.155,46.73849,7.09665
94,CH023,0.083,47.30563,7.70776
95,CH024,0.104,46.97976,6.80702
96,CH025,0.111,47.34714,7.17097
97,CH031,0.001,47.57185,7.59277
98,CH032,0.065,47.4563,7.63857
99,CH033,0.206,47.38575,8.15731
100,CH040,0.18,47.40274,8.64673
101,AT322,0.568,47.31052,12.87874
102,AT323,0.224,47.75406,13.18537
103,AT331,0.176,47.38605,10.55881
104,AT332,0.235,47.20713,11.35539
105,AT333,0.205,46.89324,12.51005
106,AT334,0.4,47.06153,10.71948
107,AT335,0.448,47.40089,12.00617
108,AT341,0.22,47.14984,9.95169
109,AT342,0.093,47.3989,9.74567
110,BE100,0.003,50.81075,4.40094
111,BE211,0.103,51.27776,4.47721
112,BE212,0.071,51.08031,4.50703
113,BE213,0.203,51.2588,4.93804
114,BE221,0.126,50.95913,5.2286
115,BE222,0.079,51.13051,5.51233
116,BE223,0.102,50.86014,5.49093
117,BE231,0.051,50.87037,3.91577
118,BE232,0.039,51.02472,4.04651
119,BE233,0.026,51.21508,3.54931
120,BE234,0.148,51.0589,3.65043
121,BE235,0.052,50.82098,3.62444
122,BE236,0.063,51.19133,4.12985
123,BE241,0.132,50.85593,4.25482
124,BE242,0.142,50.88476,4.78297
125,BE251,0.082,51.19912,3.22674
126,BE252,0.035,51.01701,2.89335
127,BE253,0.066,50.85971,2.86883
128,BE254,0.051,50.81921,3.30183
129,BE255,0.046,51.17043,2.95699
130,BE256,0.039,50.94447,3.12808
131,BE257,0.028,50.99969,3.29898
132,BE258,0.04,51.04489,2.67793
133,DE721,0.102,50.57166,8.77122
134,DE722,0.129,50.62872,8.38469
135,DE723,0.093,50.41537,8.20993
136,DE724,0.15,50.83538,8.73676
137,DE725,0.179,50.64001,9.24899
138,DE731,0.001,51.33574,9.49425
139,DE732,0.187,50.57002,9.75931
140,DE733,0.119,50.88781,9.76119
141,DE734,0.185,51.38199,9.41665
142,DE735,0.203,51.00579,9.36967
143,DE736,0.258,51.19726,8.88178
144,DE737,0.143,51.17309,9.94655
145,DE803,0.026,54.16537,12.16219
146,DE804,0.009,53.63073,11.41161
147,DE80J,0.767,53.55856,13.03592
148,DE80K,0.486,53.90615,12.26339
149,DE80L,0.438,54.31262,13.02152
150,DE80M,0.297,53.83594,11.30297
151,DE80N,0.49,53.80033,13.79057
152,DE80O,0.701,53.43809,11.51807
153,DE911,0.023,52.2772,10.51908
154,DE912,0.044,52.11835,10.35597
155,DE913,0.022,52.40063,10.77827
156,DE914,0.227,52.57549,10.59914
157,DE915,0.151,51.49008,9.90626
158,DE916,0.152,51.86239,10.39833
159,DE917,0.089,52.25484,10.89096
160,DE918,0.15,51.73457,9.8634
161,DE919,0.063,51.66075,10.36202
162,DE91A,0.06,52.30054,10.26443
163,DE91B,0.077,52.13757,10.66344
164,DE922,0.257,52.75189,8.69094
165,DE923,0.11,52.07854,9.42318
166,DE925,0.163,52.08252,9.94288
167,DE926,0.082,51.85111,9.57524
168,DE927,0.21,52.62248,9.12552
169,DE928,0.091,52.27634,9.20766
170,DE929,0.315,52.41962,9.75193
171,DE931,0.201,52.7376,10.09951
172,DE932,0.236,53.61664,8.80818
173,DE933,0.203,53.32866,9.98201
174,DE934,0.155,53.01367,11.14991
175,DE935,0.175,53.20692,10.55936
176,DE936,0.1,53.26427,8.77076
177,DE937,0.27,53.26153,9.29621
178,DE938,0.267,52.93971,9.75725
179,DE939,0.188,53.61855,9.38219
180,DE93A,0.166,52.96278,10.57009
181,DE93B,0.092,52.9659,9.18819
182,DE941,0.004,53.05892,8.66791
183,DE942,0.004,53.34519,7.19036
184,DE943,0.004,53.14999,8.24809
185,DE944,0.006,52.29322,8.03379
186,DE945,0.006,53.58259,8.04863
187,DE946,0.109,53.22134,8.01926
188,DE947,0.15,53.48017,7.36752
189,DE948,0.177,52.909,7.92503
190,DE949,0.389,52.76011,7.41154
191,DE94A,0.061,53.49963,7.99764
192,DE94B,0.137,52.46752,7.04793
193,DE94C,0.15,53.23138,7.51011
194,DE94D,0.131,53.00126,8.37585
195,DE94E,0.302,52.38994,8.06109
196,DE94F,0.086,52.70206,8.25655
197,DE94G,0.122,53.35247,8.38157
198,DE94H,0.098,53.55365,7.72933
199,DEA11,0.01,51.2694,6.79204
200,DEA12,0.022,51.41338,6.7466
201,DEA13,0.029,51.44097,7.00917
202,DEA14,0.011,51.35078,6.61313
203,DEA15,0.014,51.16366,6.41937
204,DEA16,0.009,51.41324,6.86077
205,DEA17,0.01,51.5104,6.84744
206,DEA18,0.005,51.17046,7.22938
207,DEA19,0.007,51.15958,7.0697
208,DEA1A,0.021,51.23135,7.1788
209,DEA1B,0.202,51.64018,6.272
210,DEA1C,0.07,51.24966,6.963
211,DEA1D,0.079,51.16202,6.65036
212,DEA1E,0.081,51.29022,6.35043
213,DEA1F,0.119,51.62248,6.66818
214,DEA22,0.001,50.68248,7.1477
215,DEA23,0.047,50.96104,6.97735
216,DEA24,0.004,51.05841,6.98551
217,DEA26,0.114,50.83627,6.44308
218,DEA27,0.088,50.91557,6.73349
219,DEA28,0.188,50.53443,6.64186
220,DEA29,0.089,51.05417,6.17702
221,DEA2A,0.116,51.03377,7.52584
222,DEA2B,0.068,51.02461,7.19708
223,DEA2C,0.16,50.7655,7.21857
224,DEA2D,0.084,50.726,6.22107
225,DEA31,0.011,51.56348,6.915
226,DEA32,0.005,51.52079,7.09276
227,DEA33,0.017,51.95823,7.60991
228,DEA34,0.195,51.96808,6.92577
229,DEA35,0.146,51.85502,7.39374
230,DEA36,0.107,51.66048,7.14906
231,DEA37,0.258,52.21222,7.59282
232,DEA38,0.188,51.87763,7.94555
233,DEA41,0.03,52.01309,8.52565
234,DEA42,0.124,51.91176,8.38616
235,DEA43,0.06,52.16291,8.62478
236,DEA44,0.158,51.66787,9.17663
237,DEA45,0.186,51.97598,8.96204
238,DEA46,0.168,52.35464,8.73111
239,DEA47,0.137,51.66345,8.7134
240,DEA51,0.015,51.48329,7.21848
241,DEA52,0.017,51.50142,7.41315
242,DEA53,0.009,51.36089,7.52356
243,DEA54,0.019,51.673,7.81926
244,DEA55,0.003,51.53022,7.19274
245,DEA56,0.07,51.34931,7.32839
246,CH051,0.057,46.96743,9.05018
247,CH052,0.019,47.73794,8.63245
248,CH053,0.036,47.36373,9.40207
249,CH054,0.005,47.2869,9.43569
250,CH055,0.26,47.22702,9.26466
251,CH056,0.846,46.65431,9.61199
252,CH057,0.131,47.55273,9.04806
253,CH061,0.154,47.03654,8.1267
254,CH062,0.148,46.77395,8.6369
255,CH063,0.102,47.06925,8.76534
256,CH064,0.03,46.84971,8.2156
257,CH065,0.04,46.91201,8.399
258,CH066,0.022,47.1691,8.51347
259,CH070,0.336,46.28683,8.83181
260,DE111,0.016,48.77447,9.18948
261,DE112,0.08,48.68069,8.9373
262,DE113,0.074,48.66196,9.35319
263,DE114,0.073,48.67124,9.72306
264,DE115,0.095,48.9383,9.12185
265,DE116,0.097,48.89895,9.47963
266,DE117,0.008,49.13494,9.16884
267,DE118,0.134,49.17732,9.16337
268,DE119,0.086,49.27978,9.57114
269,DE11A,0.199,49.16289,9.90204
270,DE11B,0.163,49.56509,9.70964
271,DE11C,0.081,48.64777,10.21201
272,DE11D,0.204,48.87594,10.05859
273,DE121,0.013,48.75971,8.203
274,DE122,0.013,49.00799,8.38571
275,DE123,0.16,49.06633,8.57202
276,DE124,0.091,48.7696,8.23421
277,DE125,0.001,49.41494,8.64884
278,DE126,0.018,49.49075,8.5084
279,DE127,0.128,49.47223,9.29806
280,DE128,0.141,49.36842,8.78825
281,DE129,0.001,48.8407,8.73809
282,DE12A,0.096,48.69417,8.61435
283,DE12B,0.055,48.90268,8.78114
284,DE12C,0.112,48.48279,8.48057
285,DE131,0.018,47.9855,7.8034
286,DE132,0.154,47.91952,7.87706
287,DE133,0.092,48.13707,7.89916
288,DE134,0.215,48.41011,8.03298
289,DE135,0.11,48.23921,8.53034
290,DE136,0.121,47.99662,8.40763
291,DE137,0.086,48.00873,8.79227
292,DE138,0.101,47.79043,8.91247
293,DE139,0.086,47.68641,7.77144
294,DE13A,0.159,47.70214,8.25473
295,DE141,0.13,48.42192,9.33856
296,DE142,0.061,48.47946,8.96975
297,DE143,0.098,48.27301,8.93155
298,DE144,0.008,48.38955,9.95803
299,DE145,0.2,48.3963,9.82052
300,DE146,0.154,48.10643,9.73934
301,DE147,0.106,47.70269,9.36039
302,DE148,0.213,47.8135,9.80719
303,DE149,0.17,48.02821,9.2473
304,DE211,0.006,48.74127,11.39278
305,DE212,0.004,48.19279,11.4384
306,DE213,0.002,47.84796,12.11468
307,DE214,0.049,48.2182,12.71896
308,DE215,0.064,47.72178,12.87255
309,DE216,0.11,47.7448,11.48703
310,DE217,0.072,48.32645,11.36697
311,DE218,0.058,48.07675,11.93037
312,DE219,0.157,48.89516,11.34345
313,DE21A,0.082,48.28274,11.9926
314,DE21B,0.113,48.44585,11.74784
315,DE21C,0.044,48.17478,11.22446
316,DE21D,0.11,47.53473,11.16432
317,DE21E,0.099,48.03728,10.95052
318,DE21F,0.099,47.74279,11.78915
319,DE21G,0.107,48.24527,12.37073
320,DE21H,0.124,48.09323,11.62015
321,DE21I,0.089,48.66462,11.20357
322,DE21J,0.087,48.60725,11.52188
323,DE21K,0.18,47.87942,12.14895
324,DE21L,0.058,47.99228,11.28422
325,DE21M,0.204,47.90355,12.58091
326,DE21N,0.141,47.77431,11.04051
327,DE221,0.005,48.54044,12.16274
328,DE222,0.005,48.58059,13.4182
329,DE223,0.004,48.89012,12.56785
330,DE224,0.102,48.78316,13.00683
331,DE225,0.112,48.83047,13.50031
332,DE226,0.14,48.81254,11.85859
333,DE227,0.163,48.54729,12.21258
334,DE228,0.188,48.56505,13.35294
335,DE229,0.118,49.02512,13.09575
336,DE22A,0.164,48.41226,12.85163
337,DE22B,0.157,48.89868,12.5568
338,DE22C,0.108,48.65582,12.63975
339,DE231,0.003,49.44038,11.84322
340,DE232,0.006,49.01867,12.11603
341,DE233,0.004,49.67984,12.1574
342,DE234,0.176,49.49888,11.80349
343,DE235,0.181,49.23087,12.68545
344,DE236,0.177,49.20497,11.57491
345,DE237,0.162,49.6869,12.1298
346,DE238,0.16,49.02495,12.10786
347,DE239,0.184,49.36657,12.26772
348,DE23A,0.13,49.90497,12.20319
349,DE241,0.003,49.89044,10.91023
350,DE242,0.005,49.93407,11.59618
351,DE243,0.003,50.27043,10.96977
352,DE244,0.003,50.29812,11.8925
353,DE245,0.175,49.89894,10.86297
354,DE246,0.199,49.90399,11.55503
355,DE247,0.083,50.24497,10.95105
356,DE248,0.057,49.7399,11.18259
357,DE249,0.131,50.2703,11.82815
358,DE24A,0.086,50.32114,11.37383
359,DE24B,0.05,50.13274,11.46618
360,DE24C,0.051,50.10091,11.15418
361,DE24D,0.063,50.09282,12.03364
362,DE251,0.007,49.29429,10.5491
363,DE252,0.01,49.58104,10.98115
364,DE253,0.003,49.5026,10.9708
365,DE254,0.028,49.43852,11.07379
366,DE255,0.003,49.33641,11.03061
367,DE256,0.263,49.24717,10.48049
368,DE257,0.09,49.63455,10.96802
369,DE258,0.036,49.4479,10.86454
370,DE259,0.099,49.50393,11.38118
371,DE25A,0.158,49.57628,10.45727
372,DE25B,0.115,49.21679,11.10648
373,DE25C,0.095,49.03149,10.91021
374,DE261,0.005,49.9578,9.14171
375,DE262,0.003,50.06022,10.2206
376,DE263,0.007,49.77998,9.95602
377,DE264,0.06,49.99947,9.22694
378,DE265,0.146,50.24096,9.96683
379,DE266,0.096,50.35693,10.28032
380,DE267,0.111,50.07552,10.57846
381,DE268,0.059,49.76209,10.29322
382,DE269,0.09,49.78279,9.24373
383,DE26A,0.179,49.99121,9.66869
384,DE26B,0.107,50.01685,10.24724
385,DE26C,0.139,49.73251,9.952
386,DE271,0.014,48.33924,10.85301
387,DE272,0.004,47.88066,10.61746
388,DE273,0.004,47.72688,10.2985
389,DE274,0.004,47.99777,10.15392
390,DE275,0.112,48.41561,11.05562
391,DE276,0.134,48.36292,10.72354
392,DE277,0.059,48.5797,10.52059
393,DE278,0.103,48.35466,10.37016
394,DE279,0.054,48.29672,10.12544
395,DE27A,0.03,47.5839,9.8334
396,DE27B,0.176,47.78738,10.633
397,DE27C,0.141,48.04211,10.36286
398,DE27D,0.182,48.79907,10.70891
399,DE27E,0.173,47.58663,10.23642
400,DE300,0.11,52.49484,13.40305
401,DE401,0.033,52.42163,12.54542
402,DE402,0.009,51.7592,14.4062
403,DE403,0.007,52.34701,14.51967
404,DE404,0.014,52.45229,13.07104
405,DE405,0.2,52.80623,13.72649
406,DE406,0.266,52.02548,13.82626
407,DE407,0.284,51.60613,13.45011
408,DE408,0.206,52.60428,12.61951
409,DE409,0.29,52.59089,14.13979
410,DE40A,0.299,52.89662,13.17647
411,DE40B,0.119,51.61069,13.96306
412,DE40C,0.305,52.23088,14.20624
413,DE40D,0.309,52.98781,12.60249
414,DE40E,0.329,52.25653,12.7023
415,DE40F,0.258,53.10395,11.98324
416,DE40G,0.25,51.77192,14.43338
417,DE40H,0.299,52.06826,13.2766
418,DE40I,0.397,53.20661,13.83361
419,DE501,0.047,53.10951,8.78305
420,DE502,0.014,53.55371,8.58035
421,DE600,0.075,53.55598,10.01454
422,DE711,0.003,49.91455,8.66526
423,DE712,0.031,50.1187,8.66068
424,DE713,0.001,50.11088,8.77215
425,DE714,0.012,50.05661,8.27832
426,DE715,0.089,49.62594,8.65328
427,DE716,0.086,49.86181,8.80432
428,DE717,0.068,49.90373,8.48092
429,DE718,0.055,50.26983,8.50975
430,DE719,0.218,50.24495,9.27508
431,DE71A,0.033,50.1101,8.43166
432,DE71B,0.084,49.66306,8.98268
433,DE71C,0.046,50.02836,8.81154
434,DE71D,0.088,50.15569,8.12089
435,DE71E,0.122,50.36195,8.87875
436,DEA57,0.275,51.3148,8.35499
437,DEA58,0.115,51.2727,7.71748
438,DEA59,0.083,51.07955,7.94212
439,DEA5A,0.16,50.92232,8.19157
440,DEA5B,0.163,51.58477,8.18938
441,DEA5C,0.096,51.55709,7.6236
442,DEB11,0.002,50.34515,7.6528
443,DEB12,0.089,50.48502,7.0699
444,DEB13,0.095,50.75744,7.76539
445,DEB14,0.113,49.82019,7.68751
446,DEB15,0.099,49.71707,7.27287
447,DEB16,0.067,50.12746,7.16547
448,DEB17,0.137,50.33084,7.36544
449,DEB18,0.078,50.5819,7.46228
450,DEB19,0.132,50.03869,7.48775
451,DEB1A,0.097,50.26088,7.8488
452,DEB1B,0.12,50.53195,7.87273
453,DEB21,0.01,49.76944,6.65421
454,DEB22,0.137,49.92434,6.9568
455,DEB23,0.164,50.06708,6.45561
456,DEB24,0.122,50.23428,6.78506
457,DEB25,0.13,49.70761,6.68931
458,DEB31,0.002,49.53372,8.38511
459,DEB32,0.001,49.38496,7.77199
460,DEB33,0.003,49.20061,8.10093
461,DEB34,0.007,49.4892,8.40246
462,DEB35,0.002,49.99031,8.27377
463,DEB36,0.0,49.32112,8.21047
464,DEB37,0.005,49.19723,7.60786
465,DEB38,0.001,49.30457,8.47506
466,DEB39,0.011,49.63729,8.37045
467,DEB3A,0.005,49.24268,7.37945
468,DEB3B,0.08,49.73203,8.18582
469,DEB3C,0.097,49.44259,8.11303
470,DEB3D,0.067,49.62068,7.91244
471,DEB3E,0.052,49.11452,8.25879
472,DEB3F,0.082,49.44219,7.70203
473,DEB3G,0.083,49.54542,7.46689
474,DEB3H,0.095,49.19549,8.05841
475,DEB3I,0.042,49.41189,8.37917
476,DEB3J,0.112,49.93653,8.07106
477,DEB3K,0.128,49.20476,7.64924
478,DEF01,0.002,54.80845,9.42403
479,DEF02,0.002,54.3447,10.15537
480,DEF03,0.035,53.88934,10.72886
481,DEF04,0.004,54.06923,10.0117
482,DEF05,0.164,54.12846,9.12418
483,DEF06,0.182,53.58862,10.59841
484,DEF07,0.299,54.61855,8.93641
485,DEF08,0.162,54.15131,10.76787
486,DEF09,0.078,53.71118,9.72502
487,DEF0A,0.123,54.20668,10.32641
488,DEF0B,0.345,54.28814,9.78269
489,DEF0C,0.245,54.60784,9.48247
490,DEF0D,0.2,53.90451,10.12851
491,DEF0E,0.135,53.9138,9.50081
492,DEF0F,0.096,53.72091,10.3357
493,DEG01,0.029,50.96863,11.01484
494,DEG02,0.002,50.95863,12.06852
495,DEG03,0.007,50.92653,11.57136
496,DEG04,0.01,50.60996,10.71439
497,DEG05,0.007,50.96847,11.31206
498,DEG06,0.123,51.38624,10.26939
499,DEG07,0.1,51.50761,10.72182
500,DEG09,0.132,51.18097,10.56938
501,DEG0A,0.134,51.31639,10.99835
502,DEG0B,0.176,50.62714,10.38506
503,DEG0C,0.112,50.90636,10.70333
504,DEG0D,0.103,51.12814,11.15902
505,DEG0E,0.128,50.42725,10.71264
506,DEG0F,0.104,50.73909,10.97082
507,DEG0G,0.094,50.95653,11.37025
508,DEG0H,0.05,50.41407,11.107
509,DEG0I,0.143,50.6269,11.30037
510,DEG0J,0.115,50.90374,11.72868
511,DEG0K,0.145,50.58281,11.71813
512,DEG0L,0.111,50.77531,12.08512
513,DEG0M,0.066,50.9511,12.39762
514,DEG0N,0.001,51.00344,10.2588
515,DEG0P,0.166,50.90247,10.23144
516,DK011,0.009,55.64917,12.59008
517,DK012,0.038,55.69869,12.4361
518,DK013,0.121,55.87024,12.30723
519,DK014,0.046,55.15693,14.87368
520,DK021,0.139,55.59707,12.07476
521,DK022,0.83,55.35063,11.61665
522,DK031,0.403,55.28221,10.28384
523,DK032,1.103,55.43417,9.00356
524,DK041,1.038,56.27997,8.86656
525,DK042,0.842,56.21142,10.04398
526,DK050,1.029,57.08477,9.66837
527,EE001,0.731,59.32418,24.92558
528,EE004,1.501,58.54215,23.78841
529,EE006,1.453,59.03809,25.59359
530,EE007,0.657,59.20437,27.38568
531,EE008,2.596,58.24655,26.45917
532,EL515,0.201,40.96517,24.36937
533,EL521,0.212,40.53651,22.2665
534,EL522,0.479,40.69621,23.13851
535,EL301,0.009,38.02448,23.84402
536,EL302,0.009,38.00423,23.65823
537,EL303,0.01,37.98479,23.7592
538,EL304,0.008,37.91864,23.73414
539,EL305,0.159,38.0308,23.8968
540,EL306,0.134,38.0738,23.33892
541,EL307,0.023,37.51236,23.3816
542,EL411,0.109,39.17765,26.28837
543,EL412,0.019,37.74826,26.83142
544,EL413,0.084,38.4086,25.98422
545,EL421,0.136,35.98775,27.68414
546,EL422,0.029,37.84404,24.86849
547,EL431,0.275,35.15054,25.1065
548,EL432,0.161,35.1542,25.78882
549,EL433,0.13,35.26086,24.59065
550,EL434,0.244,35.39125,23.92843
551,EL511,0.446,41.23393,26.17203
552,EL512,0.182,41.15333,24.891
553,EL513,0.262,41.1068,25.50145
554,EL514,0.356,41.32582,24.21574
555,EL523,0.214,41.02935,22.71833
556,EL524,0.272,40.88455,22.12568
557,EL525,0.132,40.23908,22.42357
558,EL526,0.434,41.10762,23.51777
559,EL527,0.291,40.30157,23.60217
560,EL531,0.628,40.19623,21.61071
561,EL532,0.204,40.45403,21.13846
562,EL533,0.193,40.75765,21.43034
563,EL541,0.24,39.22638,20.97146
564,EL542,0.183,39.52197,20.35287
565,EL543,0.594,39.80657,20.79311
566,EL611,0.628,39.49983,21.72631
567,EL612,0.554,39.69073,22.4254
568,EL613,0.192,39.28559,22.89661
569,EL621,0.041,37.78965,20.77184
570,EL622,0.034,39.6597,19.83274
571,EL623,0.077,38.2369,20.55812
572,EL624,0.028,38.69964,20.64426
573,EL631,0.569,38.6867,21.3978
574,EL632,0.331,38.06247,21.89958
575,EL633,0.284,37.73208,21.53835
576,EL641,0.315,38.37395,23.14104
577,EL642,0.383,38.61708,23.72745
578,EL643,0.179,38.99019,21.67
579,EL644,0.46,38.88304,22.45771
580,EL645,0.225,38.5473,22.25559
581,EL651,0.684,37.51682,22.48582
582,EL652,0.197,37.90836,22.67517
583,EL653,0.661,37.0008,22.30581
584,ES111,0.876,43.147,-8.45146
585,ES112,1.092,43.01772,-7.45424
586,ES113,0.84,42.18909,-7.59468
587,ES114,0.481,42.41535,-8.45202
588,ES120,1.238,43.31383,-6.0087
589,ES130,0.581,43.17318,-4.07077
590,ES211,0.397,42.85163,-2.71877
591,ES212,0.209,43.16822,-2.17941
592,ES213,0.208,43.24247,-2.89019
593,ES220,1.165,42.68033,-1.63414
594,ES230,0.513,42.28888,-2.50107
595,ES241,1.76,42.20651,-0.07593
596,ES242,1.619,40.64949,-0.82611
597,ES243,1.861,41.61287,-1.08956
598,ES300,0.813,40.49799,-3.72154
599,DEC01,0.051,49.25906,6.95863
600,DEC02,0.068,49.51722,6.64212
601,DEC03,0.027,49.38677,7.10943
602,DEC04,0.062,49.37986,6.77736
603,DEC05,0.054,49.27097,7.24891
604,DEC06,0.06,49.52687,7.07798
605,DED21,0.022,51.10047,13.77069
606,DED2C,0.338,51.27577,14.22967
607,DED2D,0.248,51.22294,14.74849
608,DED2E,0.166,51.24375,13.49812
609,DED2F,0.214,50.93335,13.89108
610,DED41,0.01,50.82103,12.8773
611,DED42,0.248,50.59981,12.94963
612,DED43,0.326,50.9502,13.15026
613,DED44,0.162,50.492,12.23296
614,DED45,0.118,50.75846,12.5301
615,DED51,0.011,51.38379,12.40439
616,DED52,0.217,51.21936,12.56968
617,DED53,0.257,51.46478,12.76166
618,DEE01,0.024,51.82867,12.24605
619,DEE02,0.01,51.48769,11.95923
620,DEE03,0.009,52.10086,11.70149
621,DEE04,0.283,52.696,11.22275
622,DEE05,0.196,51.79134,12.14418
623,DEE06,0.202,52.23954,12.03773
624,DEE07,0.349,52.22827,11.35491
625,DEE08,0.204,51.14998,11.88375
626,DEE09,0.259,51.8376,10.95859
627,DEE0A,0.203,51.54401,11.31282
628,DEE0B,0.2,51.43728,11.85896
629,DEE0C,0.176,51.85155,11.66847
630,DEE0D,0.358,52.69235,11.85253
631,DEE0E,0.257,51.82065,12.68619
632,FR513,0.616,48.17518,-0.63844
633,FR514,0.73,48.01542,0.22326
634,FR515,0.761,46.66519,-1.30235
635,FR521,0.795,48.4301,-2.872
636,FR522,0.667,48.24719,-4.01632
637,FR523,0.845,48.13495,-1.61195
638,FR524,0.798,47.86849,-2.78516
639,FR531,0.651,45.71406,0.16091
640,FR532,0.754,45.76476,-0.66301
641,FR533,0.704,46.5452,-0.32355
642,FR534,0.821,46.55567,0.46099
643,FR611,1.074,45.11642,0.72829
644,FR612,1.183,44.81329,-0.60278
645,FR613,1.018,43.95813,-0.78646
646,FR614,0.639,44.37807,0.46294
647,FR615,0.874,43.26714,-0.7642
648,FR621,0.611,42.90494,1.53731
649,FR622,0.975,44.26168,2.667
650,FR623,0.758,43.34747,1.15932
651,FR624,0.713,43.69301,0.43785
652,FR625,0.612,44.63667,1.60731
653,FR626,0.434,43.07125,0.17914
654,FR627,0.647,43.77947,2.15654
655,FR628,0.392,44.0918,1.28321
656,FR631,0.659,45.36416,1.90339
657,FR632,0.635,46.07184,2.02382
658,FR633,0.655,45.88215,1.2069
659,FR711,0.673,46.11239,5.37036
660,FR712,0.626,44.74936,4.39285
661,FR713,0.777,44.67092,5.1236
662,FR714,0.952,45.24444,5.58123
663,FR715,0.583,45.73432,4.16907
664,FR716,0.38,45.83586,4.65581
665,FR717,0.751,45.50769,6.42508
666,FR718,0.491,46.05302,6.43864
667,FR721,0.962,46.37901,3.21093
668,FR722,0.675,45.04974,2.67003
669,FR723,0.492,45.11983,3.76687
670,FR724,0.871,45.6942,3.16781
671,FR811,0.631,43.11751,2.44436
672,FR812,0.605,43.99587,4.15845
673,FR813,0.723,43.57704,3.37976
674,FR814,0.614,44.52856,3.48442
675,FR815,0.483,42.6011,2.53351
676,FR821,0.762,44.10169,6.28051
677,FR822,0.689,44.65513,6.26358
678,FR823,0.462,43.92522,7.13226
679,FR824,0.691,43.55752,5.08981
680,FR825,0.647,43.46588,6.2729
681,FR826,0.345,44.02356,5.14769
682,FR831,0.46,41.86044,8.95045
683,FR832,0.515,42.3815,9.20602
684,FRA10,0.098,16.2391,-61.56043
685,FRA20,0.079,14.62777,-61.04147
686,FRA30,6.903,3.91792,-53.2198
687,FRA40,0.178,-21.11764,55.54766
688,FRA50,0.028,-12.82163,45.13901
689,HR031,0.437,45.31102,14.62719
690,HR032,0.631,44.69518,15.42819
691,HR033,0.3,44.18764,15.73345
692,HR034,0.342,43.87803,16.06482
693,HR035,0.427,43.53227,16.74607
694,HR036,0.329,45.20567,13.87435
695,HR037,0.152,42.79912,17.8136
696,HR041,0.057,45.82339,16.02312
697,HR042,0.377,45.76052,16.05011
698,HR043,0.141,46.07859,15.9205
699,HR044,0.159,46.23156,16.32593
700,HR045,0.194,46.09469,16.83035
701,HR046,0.065,46.40304,16.53585
702,HR047,0.314,45.73842,16.98039
703,HR048,0.216,45.72254,17.62772
704,HR049,0.21,45.41865,17.55365
705,HR04A,0.222,45.20908,17.8111
706,HR04B,0.507,45.54724,18.49344
707,HR04C,0.243,45.17018,18.91323
708,HR04D,0.44,45.31074,15.48314
709,HR04E,0.507,45.34732,16.46797
710,ES411,0.886,40.577,-4.93268
711,ES412,1.576,42.33593,-3.61082
712,ES413,1.713,42.62373,-5.83776
713,ES414,0.845,42.38509,-4.57392
714,ES415,1.323,40.82715,-6.0618
715,ES416,0.756,41.17977,-4.05093
716,ES417,1.118,41.63242,-2.59266
717,ES418,0.849,41.62471,-4.85334
718,ES419,1.059,41.74088,-5.96218
719,ES421,1.538,38.82992,-1.98718
720,ES422,1.994,38.92023,-3.83895
721,ES423,1.862,39.89377,-2.19853
722,ES424,1.297,40.8113,-2.63273
723,ES425,1.682,39.78441,-4.16573
724,ES431,2.204,38.71043,-6.14584
725,ES432,2.117,39.71975,-6.18199
726,ES511,0.815,41.75194,1.97828
727,ES512,0.62,42.11663,2.66061
728,ES513,1.272,42.05767,1.06265
729,ES514,0.716,41.10933,0.81699
730,ES521,0.602,38.46572,-0.58288
731,ES522,0.677,40.24201,-0.13472
732,ES523,1.109,39.3354,-0.74945
733,ES531,0.051,38.97397,1.40274
734,ES532,0.385,39.6104,2.94393
735,ES533,0.041,39.96307,4.05766
736,ES611,0.912,37.1947,-2.34315
737,ES612,0.828,36.56649,-5.75104
738,ES613,1.434,37.98815,-4.79704
739,ES614,1.261,37.32065,-3.251
740,ES615,1.095,37.55928,-6.81999
741,ES616,1.377,38.02808,-3.42624
742,ES617,0.702,36.82331,-4.70124
743,ES618,1.402,37.4549,-5.66077
744,ES620,1.171,38.023,-1.48042
745,ES630,0.001,35.89822,-5.35843
746,ES640,0.001,35.29402,-2.94935
747,ES703,0.027,27.73823,-18.01102
748,ES704,0.121,28.41761,-14.0411
749,ES705,0.138,27.97145,-15.59166
750,ES706,0.027,28.11565,-17.22824
751,ES707,0.045,28.68681,-17.83941
752,ES708,0.068,29.04395,-13.63044
753,ES709,0.155,28.31119,-16.58339
754,FI193,3.285,62.50119,25.39549
755,FI194,2.5,62.7248,23.04569
756,FI195,1.187,63.09816,22.25082
757,FI196,1.296,61.60652,22.15666
758,FI197,2.347,61.68237,23.68159
759,FI1B1,1.574,60.40042,24.7929
760,FI1C1,1.484,60.65918,22.60303
761,FI1C2,0.934,60.94394,24.2685
762,FI1C3,1.023,61.24799,25.69248
763,FI1C4,0.882,60.84291,26.87487
764,FI1C5,1.105,61.20472,28.36182
765,FI1D1,3.18,61.87803,27.84172
766,FI1D2,3.765,63.12718,27.45461
767,FI1D3,3.541,62.89903,29.91912
768,FI1D4,4.584,64.49291,28.56196
769,FI1D5,0.971,63.59852,24.11603
770,FI1D6,6.888,64.93561,26.64998
771,FI1D7,20.753,67.67836,26.31319
772,FI200,0.145,60.2351,19.91679
773,FR101,0.004,48.85557,2.35605
774,FR102,0.771,48.63467,2.94651
775,FR103,0.236,48.80686,1.87771
776,FR104,0.204,48.51565,2.2449
777,FR105,0.019,48.84858,2.27112
778,FR106,0.036,48.91218,2.46421
779,FR107,0.029,48.77451,2.46218
780,FR108,0.167,49.07072,2.0742
781,FR211,0.621,49.63821,4.62367
782,FR212,0.731,48.30174,4.18081
783,FR213,1.019,48.95858,4.24566
784,FR214,0.757,48.12028,5.22388
785,FR221,0.859,49.5511,3.56274
786,FR222,0.714,49.396,2.41676
787,FR223,0.854,49.94985,2.29632
788,FR231,0.652,49.08543,0.97364
789,FR232,0.862,49.62895,1.02946
790,FR241,0.885,47.05779,2.51399
791,FR242,0.782,48.42316,1.34664
792,FR243,0.854,46.7604,1.58139
793,FR244,0.758,47.26341,0.69029
794,FR245,0.78,47.6152,1.41971
795,FR246,0.836,47.91308,2.30691
796,FR251,0.811,49.11007,-0.39234
797,FR252,0.686,49.11053,-1.36816
798,FR253,0.663,48.63583,0.09694
799,FR261,1.049,47.41852,4.7667
800,FR262,0.744,47.13443,3.51239
801,FR263,0.994,46.64316,4.5518
802,FR264,0.916,47.83753,3.54604
803,FR301,0.74,50.45612,3.17746
804,FR302,0.802,50.4925,2.29903
805,FR411,0.625,48.77938,6.17832
806,FR412,0.814,49.01122,5.39217
807,FR413,0.724,49.05453,6.6469
808,FR414,0.724,48.20105,6.41752
809,FR421,0.623,48.67542,7.54841
810,FR422,0.428,47.85012,7.26641
811,FR431,0.585,47.15906,6.37981
812,FR432,0.617,46.76155,5.69373
813,FR433,0.68,47.63864,6.08672
814,FR434,0.063,47.59921,6.93171
815,FR511,0.886,47.34376,-1.68597
816,FR512,0.883,47.39605,-0.53204
817,HU101,0.053,47.49752,19.09475
818,HU102,0.81,47.40605,19.33737
819,HU211,0.514,47.1073,18.54149
820,HU212,0.285,47.60597,18.28418
821,HU213,0.578,47.12945,17.62023
822,HU221,0.466,47.6343,17.30737
823,HU222,0.387,47.13096,16.71173
824,HU223,0.408,46.68115,16.9077
825,HU231,0.475,46.00366,18.21183
826,HU232,0.753,46.43694,17.61478
827,HU233,0.448,46.47641,18.54888
828,HU311,0.887,48.19493,20.93275
829,HU312,0.409,47.76372,20.17187
830,HU313,0.283,47.9734,19.48178
831,HU321,0.716,47.48005,21.44032
832,HU322,0.654,47.26801,20.41773
833,HU323,0.718,47.98149,22.05998
834,HU331,0.986,46.54208,19.39235
835,HU332,0.654,46.75474,21.03684
836,HU333,0.536,46.42976,20.27021
837,IE011,1.757,54.46562,-7.71534
838,ITC20,0.385,45.72379,7.39278
839,ITC31,0.099,43.96,7.8405
840,ITC32,0.185,44.2796,8.30594
841,ITC33,0.238,44.43336,9.11153
842,ITC34,0.072,44.24151,9.6909
843,ITC41,0.116,45.78325,8.77305
844,ITC42,0.139,45.91359,9.13327
845,ITC43,0.096,45.905,9.38687
846,ITC44,0.396,46.27514,10.00634
847,ITC46,0.291,45.79191,9.78672
848,ITC47,0.521,45.67524,10.31776
849,ITC48,0.387,45.10356,9.088
850,ITC49,0.084,45.257,9.5738
851,ITC4A,0.226,45.21488,10.03693
852,ITC4B,0.29,45.11728,10.80763
853,ITC4C,0.186,45.49247,9.15638
854,ITC4D,0.03,45.67007,9.26772
855,ITF11,0.575,42.13548,13.57719
856,ITF12,0.215,42.6413,13.76706
857,ITF13,0.127,42.31806,13.97455
858,ITF14,0.274,42.09522,14.38068
859,ITF21,0.169,41.63893,14.21188
860,ITF22,0.303,41.70546,14.74766
861,ITF31,0.287,41.20029,14.14721
862,ITF32,0.216,41.25942,14.73576
863,ITF33,0.107,40.83772,14.40866
864,ITF34,0.279,41.01501,15.05882
865,ITF35,0.548,40.47909,15.24195
866,ITF43,0.225,40.56129,17.15188
867,ITF44,0.177,40.60095,17.66596
868,ITF45,0.3,40.16449,18.15152
869,ITF46,0.718,41.54239,15.52717
870,ITF47,0.365,40.92269,16.76999
871,ITF48,0.179,41.18005,16.1755
872,ITF51,0.719,40.5259,15.88998
873,ITF52,0.379,40.46684,16.45348
874,ITF61,0.684,39.55914,16.32354
875,ITF62,0.172,39.1758,16.92862
876,ITF63,0.262,38.9086,16.48188
877,ITF64,0.148,38.61594,16.16583
878,ITF65,0.341,38.23383,16.03733
879,ITG11,0.238,37.84766,12.74643
880,ITG12,0.475,37.86902,13.59638
881,ITG13,0.331,38.00803,14.89852
882,ITG14,0.298,37.48278,13.49496
883,ITG15,0.204,37.33313,14.0761
884,ITG16,0.279,37.58417,14.43393
885,ITG17,0.362,37.49349,14.8373
886,ITG18,0.164,36.91529,14.67601
887,ITG19,0.219,37.04308,15.04824
888,ITG25,0.506,40.62268,8.70135
889,ITG26,0.432,40.26951,9.30054
890,ITG27,0.475,39.38884,9.16905
891,ITG28,0.28,39.99473,8.70353
892,ITG29,0.347,40.88053,9.30345
893,ITG2A,0.184,39.87654,9.53748
894,ITG2B,0.181,39.56527,8.72554
895,ITG2C,0.136,39.21943,8.58588
896,ITH10,0.914,46.69101,11.43315
897,ITH20,0.69,46.12904,11.1134
898,ITH31,0.351,45.45074,11.03867
899,ITH32,0.273,45.70671,11.48613
900,ITH33,0.427,46.30501,12.16765
901,ITH34,0.264,45.79241,12.21449
902,ITH35,0.222,45.60613,12.57274
903,ITH36,0.273,45.36992,11.79841
904,ITH37,0.21,45.04674,11.88121
905,ITH41,0.283,46.11985,12.70094
906,ITH42,0.565,46.24287,13.17821
907,ITH43,0.029,45.85827,13.50262
908,ITH44,0.026,45.6847,13.73272
909,ITH51,0.243,44.87487,9.63118
910,ITH52,0.454,44.65868,10.0228
911,ITH53,0.221,44.5889,10.52376
912,ITH54,0.335,44.52124,10.87102
913,ITH55,0.418,44.4163,11.34697
914,ITH56,0.328,44.78747,11.83873
915,ITH57,0.208,44.38878,12.00583
916,ITH58,0.273,44.04433,12.04409
917,ITH59,0.103,43.94808,12.45104
918,ITI11,0.116,44.21819,10.02215
919,ITI12,0.196,44.00304,10.42486
920,ITI13,0.098,43.97598,10.83889
921,ITI14,0.386,43.80824,11.28833
922,ITI15,0.041,43.94732,11.07319
923,ITI16,0.097,43.24811,10.53577
924,ITI17,0.278,43.50667,10.66053
925,ITI18,0.347,43.54668,11.8668
926,ITI19,0.491,43.18105,11.45753
927,ITI1A,0.461,42.76534,11.24801
928,ITI21,0.708,43.08628,12.52856
929,ITI22,0.211,42.66517,12.36397
930,ITI31,0.267,43.70846,12.68619
931,ITI32,0.176,43.511,13.12829
932,ITI33,0.343,43.20385,13.26467
933,ITI34,0.139,42.87315,13.5487
934,ITI35,0.078,43.08426,13.6114
935,ITI41,0.417,42.41337,11.98571
936,ITI42,0.264,42.43141,12.91559
937,ITI43,0.598,41.92297,12.5955
938,ITI44,0.296,41.40505,13.24045
939,ITI45,0.323,41.65359,13.52548
940,LI000,0.019,47.13629,9.55036
941,LT001,0.744,54.22162,24.1452
942,LT002,1.076,55.07769,23.92961
943,LT003,0.668,55.74035,21.52745
944,LT004,0.727,54.69902,23.17715
945,LT005,1.103,55.92517,24.81353
946,LT006,1.233,55.93552,23.29927
947,LT007,0.614,55.30742,22.52766
948,LT008,0.592,55.97429,22.16834
949,LT009,1.014,55.49377,25.71072
950,LT00A,1.347,54.8574,25.26231
951,LU000,0.335,49.78468,6.11437
952,LV003,2.118,56.92428,22.00362
953,LV005,2.094,56.3692,27.17459
954,LV006,0.029,56.98399,24.12143
955,LV007,1.765,57.05482,24.17401
956,LV008,2.232,57.28822,26.04217
957,LV009,1.365,56.45585,24.89493
958,ME000,1.469,42.81991,19.24608
959,MK001,0.41,41.57744,21.88736
960,MK002,0.374,41.85776,22.48054
961,MK003,0.328,41.41819,20.88142
962,MK004,0.341,41.41647,22.55828
963,MK005,0.571,41.18937,21.3891
964,MK006,0.286,41.83547,20.9035
965,MK007,0.217,42.16298,21.98627
966,MK008,0.182,41.97723,21.4591
967,MT001,0.02,35.88168,14.43154
968,MT002,0.005,36.04531,14.24673
969,NL111,0.101,53.0928,7.03497
970,NL112,0.039,53.32109,6.85807
971,NL113,0.209,53.2508,6.51804
972,NL121,0.129,53.2095,5.87617
973,NL122,0.15,52.94865,5.47865
974,NL123,0.169,52.9851,6.02122
975,NL131,0.129,52.95404,6.60315
976,NL132,0.112,52.77616,6.86244
977,NL133,0.084,52.77494,6.34585
978,NL211,0.224,52.60044,6.2329
979,NL212,0.049,52.34049,6.25876
980,NL213,0.186,52.31869,6.7217
981,NL221,0.268,52.23403,5.80434
982,NL224,0.088,51.85602,5.32185
983,NL225,0.226,52.04318,6.40763
984,NL226,0.11,51.89902,5.89053
985,IE012,0.841,53.28706,-7.50064
986,IE013,1.754,53.61836,-8.94235
987,IE021,0.09,53.37453,-6.28818
988,IE022,0.853,53.3457,-6.65875
989,IE023,1.05,52.73072,-8.66955
990,IE024,1.389,52.43572,-7.22743
991,IE025,1.623,51.97516,-9.17886
992,IS001,0.089,64.22736,-21.55302
993,IS002,19.493,64.99245,-18.48674
994,ITC11,0.831,45.13537,7.4761
995,ITC12,0.269,45.53707,8.23234
996,ITC13,0.072,45.58813,8.07193
997,ITC14,0.281,46.07651,8.36392
998,ITC15,0.133,45.56365,8.57092
999,ITC16,0.765,44.45512,7.57968
1000,ITC17,0.165,44.81856,8.21342
1001,ITC18,0.429,44.83245,8.67267
1002,PL428,1.034,53.51591,14.84622
1003,PL431,0.84,52.59776,15.24321
1004,PL432,1.005,51.8746,15.36797
1005,PL514,0.014,51.09645,17.00384
1006,PL515,0.696,51.09433,15.61135
1007,PL516,0.443,51.48835,16.1899
1008,PL517,0.528,50.57566,16.58613
1009,PL518,0.89,51.19961,17.04434
1010,PL523,0.486,50.58848,17.55146
1011,PL524,0.781,50.67975,18.13452
1012,PL613,0.405,53.11657,18.35437
1013,PL616,0.526,53.26818,19.10876
1014,PL617,0.472,52.88847,17.88603
1015,PL618,0.411,53.51089,18.04424
1016,PL619,0.51,52.67051,18.98374
1017,PL621,1.0,53.81403,19.73786
1018,PL622,1.429,53.84067,20.76514
1019,PL623,0.905,53.93752,22.04393
1020,PL633,0.084,54.42557,18.62751
1021,PL634,0.646,54.41602,18.38219
1022,PL636,0.72,54.32796,17.29928
1023,PL637,0.531,53.84274,17.63378
1024,PL638,0.501,53.87922,18.7804
1025,PT111,0.206,41.86959,-8.49786
1026,PT112,0.139,41.62259,-8.46077
1027,PT119,0.148,41.4998,-8.15482
1028,PT11A,0.222,41.08234,-8.48999
1029,PT11B,0.311,41.65846,-7.59985
1030,PT11C,0.199,41.2016,-8.15636
1031,PT11D,0.427,41.14271,-7.4432
1032,PT11E,0.636,41.57808,-6.804
1033,PT150,0.523,37.23148,-8.1462
1034,PT16B,0.251,39.30208,-9.12945
1035,PT16D,0.173,40.63017,-8.50927
1036,PT16E,0.468,40.21207,-8.34509
1037,PT16F,0.222,39.81098,-8.70623
1038,PT16G,0.346,40.70552,-7.9201
1039,PT16H,0.486,39.88896,-7.42573
1040,PT16I,0.358,39.61808,-8.27767
1041,PT16J,0.664,40.49857,-7.29565
1042,PT170,0.302,38.73205,-9.04542
1043,PT181,0.55,38.00202,-8.51309
1044,PT184,0.846,37.86105,-7.78161
1045,PT185,0.442,39.12781,-8.61145
1046,PT186,0.624,39.18776,-7.61488
1047,PT187,0.777,38.61472,-7.84583
1048,PT200,0.044,37.78939,-25.49907
1049,PT300,0.055,32.74621,-17.01493
1050,RO111,0.997,46.93738,22.20993
1051,RO112,0.644,47.22633,24.52199
1052,RO113,0.782,46.81175,23.55013
1053,RO114,0.754,47.67559,23.98495
1054,RO115,0.524,47.71148,22.91558
1055,RO116,0.423,47.19701,23.16971
1056,RO121,0.701,46.19241,23.46689
1057,RO122,0.599,45.76616,25.27667
1058,RO123,0.444,45.92896,25.9905
1059,RO124,0.776,46.54096,25.57141
1060,RO125,0.764,46.5943,24.71335
1061,RO126,0.647,45.86871,24.23279
1062,RO211,0.771,46.42095,26.75872
1063,RO212,0.574,47.847,26.76384
1064,RO213,0.652,47.20163,27.27546
1065,RO214,0.646,46.97023,26.398
1066,RO215,1.03,47.51768,25.7447
1067,RO216,0.631,46.50899,27.75317
1068,RO221,0.51,45.08934,27.70289
1069,RO222,0.82,45.28089,26.77332
1070,RO223,0.758,44.25821,28.22364
1071,RO224,0.483,45.79791,27.75437
1072,RO225,0.989,45.03097,28.83086
1073,RO226,0.486,45.81238,26.99945
1074,RO311,0.817,45.04041,24.87463
1075,RO312,0.484,44.2831,26.93536
1076,RO313,0.505,44.85854,25.51433
1077,RO314,0.388,44.12412,25.89888
1078,RO315,0.601,44.60944,27.22376
1079,RO316,0.494,45.1175,26.02791
1080,RO317,0.665,44.03218,25.18602
1081,RO321,0.013,44.40246,26.11471
1082,RO322,0.174,44.5354,26.1416
1083,RO411,0.881,44.14067,23.61006
1084,NL230,0.31,52.55366,5.48423
1085,NL310,0.23,52.10452,5.16958
1086,NL321,0.202,52.8028,5.00097
1087,NL322,0.034,52.63479,4.73557
1088,NL323,0.023,52.50141,4.67255
1089,NL324,0.018,52.38116,4.60592
1090,NL325,0.001,52.46136,4.74823
1091,NL326,0.115,52.40662,4.87523
1092,NL327,0.014,52.32712,5.14539
1093,NL332,0.04,52.07096,4.38132
1094,NL333,0.009,52.00762,4.24456
1095,NL337,0.05,52.21176,4.54578
1096,NL338,0.062,52.05943,4.72865
1097,NL339,0.241,51.82708,4.29602
1098,NL33A,0.056,51.84889,4.86426
1099,NL341,0.091,51.30024,3.76351
1100,NL342,0.041,51.48235,4.07507
1101,NL411,0.157,51.56385,4.54405
1102,NL412,0.122,51.61337,5.00879
1103,NL413,0.172,51.67365,5.57197
1104,NL414,0.197,51.40746,5.49802
1105,NL421,0.099,51.44672,6.00586
1106,NL422,0.1,51.19175,5.86568
1107,NL423,0.083,50.87844,5.878
1108,NO011,0.056,59.9743,10.60912
1109,NO012,0.848,60.0081,11.18019
1110,NO021,4.552,61.45384,11.40728
1111,NO022,4.142,61.38988,9.35678
1112,NO031,0.605,59.34954,11.34113
1113,NO032,2.479,60.27706,9.11911
1114,NO033,0.292,59.32396,10.11059
1115,NO034,2.315,59.52692,8.53671
1116,NO041,1.487,58.88443,7.96453
1117,NO042,1.068,58.49139,7.16528
1118,NO043,1.362,59.14809,6.22786
1119,NO051,2.236,60.35901,6.39793
1120,NO052,2.948,61.37753,6.6655
1121,NO053,2.311,62.54561,7.84252
1122,NO061,3.183,63.08544,10.49491
1123,NO062,3.937,64.28385,12.33524
1124,NO071,6.717,66.83081,14.86745
1125,NO072,4.687,69.19919,19.79224
1126,NO073,10.761,69.88238,25.66474
1127,PL113,0.014,51.73938,19.46562
1128,PL114,0.319,51.77837,19.5098
1129,PL115,0.754,51.33048,19.75965
1130,PL116,0.761,51.47863,18.7169
1131,PL117,0.58,52.06569,19.73018
1132,PL127,0.05,52.24109,21.04089
1133,PL128,0.729,51.44775,21.19956
1134,PL129,0.688,52.19236,21.39789
1135,PL12A,0.539,52.06763,20.65773
1136,PL12B,0.723,52.84276,20.45139
1137,PL12C,0.404,52.59999,19.76924
1138,PL12D,0.94,52.9661,21.50328
1139,PL12E,0.542,52.28933,22.29858
1140,PL213,0.016,50.05677,20.05736
1141,PL214,0.587,50.07485,20.09404
1142,PL217,0.299,50.01994,20.90843
1143,PL218,0.429,49.58272,20.80185
1144,PL219,0.348,49.5132,19.92296
1145,PL21A,0.23,50.06438,19.45874
1146,PL224,0.385,50.82367,19.16039
1147,PL225,0.299,49.70423,19.05135
1148,PL227,0.171,50.08923,18.43911
1149,PL228,0.149,50.55405,18.838
1150,PL229,0.082,50.34182,18.64522
1151,PL22A,0.04,50.26139,19.0056
1152,PL22B,0.236,50.46826,19.45935
1153,PL22C,0.123,50.07862,18.94395
1154,PL311,0.792,51.7874,23.12815
1155,PL312,1.215,50.76232,23.34965
1156,PL314,0.508,51.28279,22.62766
1157,PL315,0.722,51.32397,22.14571
1158,PL323,0.747,49.48301,22.08516
1159,PL324,0.558,50.03384,22.86111
1160,PL325,0.431,50.05183,21.93987
1161,PL326,0.634,50.36844,21.84245
1162,PL331,0.748,50.97201,20.7664
1163,PL332,0.801,50.61741,20.74676
1164,PL343,0.805,53.22197,23.29432
1165,PL344,1.102,52.85504,22.7362
1166,PL345,0.825,53.79332,22.89363
1167,PL411,0.925,53.09263,16.83805
1168,PL414,0.926,52.28875,18.12816
1169,PL415,0.018,52.43823,16.93245
1170,PL416,0.683,51.68728,17.81129
1171,PL417,0.818,52.11673,16.44707
1172,PL418,0.619,52.40988,16.91216
1173,PL424,0.028,53.45357,14.6152
1174,PL426,0.625,54.17375,16.20532
1175,PL427,1.443,53.41945,15.84416
1176,RO412,0.663,45.00866,23.31935
1177,RO413,0.522,44.57796,22.76946
1178,RO414,0.584,44.25027,24.42966
1179,RO415,0.643,45.09805,24.10929
1180,RO421,0.847,46.25623,21.73339
1181,RO422,0.952,45.14763,22.06397
1182,RO423,0.851,45.76021,22.92763
1183,RO424,0.993,45.73762,21.38744
1184,SE110,1.027,59.49016,18.12305
1185,SE121,1.36,60.04751,17.5702
1186,SE122,1.041,59.10193,16.65063
1187,SE123,1.847,58.35346,15.6682
1188,SE124,1.462,59.34576,14.98698
1189,SE125,0.928,59.78242,16.17622
1190,SE211,1.88,57.53235,14.39871
1191,SE212,1.303,56.78906,14.55881
1192,SE213,1.739,57.21065,16.15802
1193,SE214,0.4,57.46475,18.50659
1194,SI041,0.274,46.0471,14.52732
1195,SI042,0.236,46.31462,14.11709
1196,SI043,0.281,46.05993,13.78764
1197,SI044,0.106,45.62086,13.88491
1198,SK010,0.244,48.30345,17.18823
1199,SK021,0.485,48.35241,17.53121
1200,SK022,0.571,48.85073,18.17426
1201,SK023,0.782,48.1481,18.33295
1202,SK031,0.897,49.15367,19.17373
1203,SK032,1.066,48.49908,19.53085
1204,SK041,1.12,49.09646,21.22597
1205,SK042,0.793,48.67937,21.24319
1206,TR100,0.636,41.15143,28.81116
1207,TR211,0.661,41.09894,27.39119
1208,TR212,0.621,41.23145,26.5843
1209,TR213,0.716,41.66245,27.43651
1210,TR221,1.589,39.65876,27.84258
1211,TR222,0.992,40.04191,26.75339
1212,TR310,1.121,38.43945,27.27241
1213,TR321,0.858,37.75034,28.02354
1214,TR322,1.149,37.72121,29.24373
1215,TR323,1.189,37.02265,28.53216
1216,TR331,1.344,38.74633,28.10477
1217,TR332,1.604,38.61634,30.63825
1218,TR333,1.294,39.28681,29.55338
1219,TR334,0.562,38.55932,29.35362
1220,TR411,1.15,40.12095,29.00425
1221,TR412,1.459,39.62236,31.07056
1222,TR413,0.45,40.10887,30.0858
1223,TR421,0.368,40.85059,29.91518
1224,TR422,0.5,40.74678,30.50928
1225,TR423,0.296,40.88201,31.24247
1226,TR424,0.855,40.59266,31.60876
1227,TR425,0.068,40.56768,29.18193
1228,TR510,2.677,39.79785,32.59584
1229,TR521,4.197,38.03626,32.59402
1230,TR522,0.904,37.05649,33.2258
1231,TR611,2.049,36.82187,30.9196
1232,TR612,0.864,37.90775,30.95216
1233,TR613,0.707,37.42117,30.06631
1234,TR621,1.496,37.40302,35.58264
1235,TR622,1.547,36.69658,33.86238
1236,TR631,0.588,36.42835,36.25405
1237,TR632,1.454,37.88277,36.96958
1238,TR633,0.33,37.27105,36.24236
1239,TR711,0.478,39.85121,33.70409
1240,TR712,0.815,38.41584,33.84444
1241,TR713,0.755,37.91979,34.68441
1242,TR714,0.539,38.79851,34.69619
1243,TR715,0.661,39.30339,34.12679
1244,TR721,1.765,38.61311,35.84303
1245,TR722,2.974,39.56422,37.2942
1246,TR723,1.468,39.64608,35.23446
1247,TR811,0.346,41.25455,31.82361
1248,TR812,0.434,41.18453,32.62298
1249,TR813,0.211,41.5713,32.46757
1250,TR821,1.421,41.49137,33.65865
1251,TR822,0.803,40.68874,33.40415
1252,TR823,0.673,41.63947,34.88101
1253,TR831,0.963,41.23851,35.98131
1254,TR832,1.141,40.38888,36.58129
1255,TR833,1.392,40.56611,34.63919
1256,TR834,0.64,40.74168,35.70716
1257,TR901,0.534,40.80532,39.839
1258,TR902,0.585,40.80309,37.52247
1259,TR903,0.762,40.62629,38.57928
1260,TR904,0.451,40.94413,40.87015
1261,TR905,0.812,41.1144,41.82312
1262,TR906,0.674,40.33498,39.35669
1263,TRA11,2.638,40.04426,41.54357
1264,TRA12,1.218,39.66175,39.248
1265,TRA13,0.413,40.24401,40.17358
1266,TRA21,1.235,39.563,43.27362
1267,TRA22,1.05,40.43239,43.05517
1268,TRA23,0.357,39.89981,44.04146
1269,TRA24,0.572,41.11301,42.84433
1270,TRB11,1.227,38.52945,38.13601
1271,TRB12,0.931,38.66462,39.43215
1272,TRB13,0.804,39.06553,40.63236
1273,TRB14,0.824,39.19066,39.47255
1274,TRB21,2.128,38.46617,43.59653
1275,TRB22,0.904,38.98757,41.84823
1276,TRB23,0.912,38.49314,42.38972
1277,TRB24,0.689,37.46758,44.10325
1278,TRC11,0.712,37.08406,37.36731
1279,TRC12,0.759,37.81073,38.28787
1280,TRC13,0.118,36.788,37.08642
1281,TRC21,1.943,37.26301,39.08653
1282,TRC22,1.565,38.12973,40.35475
1283,TRC31,0.935,37.35087,40.80906
1284,TRC32,0.433,37.96468,41.37861
1285,TRC33,0.704,37.4605,42.53216
1286,TRC34,0.548,37.88899,42.12044
1287,UKC11,0.03,54.58135,-1.33376
1288,UKC12,0.014,54.54725,-1.09565
1289,UKC13,0.014,54.53957,-1.52331
1290,UKC14,0.319,54.70206,-1.80566
1291,SE221,0.485,56.29607,15.18233
1292,SE224,1.675,55.95256,13.59181
1293,SE231,0.731,56.98599,12.8064
1294,SE232,4.35,58.30924,12.8803
1295,SE311,3.605,59.79265,13.15398
1296,SE312,5.067,60.97095,14.38158
1297,SE313,2.98,61.43852,16.31786
1298,SE321,4.159,63.08951,17.21262
1299,SE322,9.649,63.2484,14.31519
1300,SE331,11.184,64.86694,17.84118
1301,SE332,21.565,66.94527,20.05667
1302,SI031,0.136,46.64776,16.22797
1303,SI032,0.274,46.48856,15.78627
1304,SI033,0.088,46.54994,15.09849
1305,SI034,0.312,46.28818,15.21012
1306,SI035,0.056,46.08577,14.94237
1307,SI036,0.112,45.97873,15.40714
1308,SI037,0.294,45.72815,15.01118
1309,SI038,0.129,45.69889,14.27991
1310,UKM31,0.087,56.02449,-4.53014
1311,UKM62,1.159,57.28545,-3.96234
1312,UKM63,1.772,56.73088,-5.49099
1313,UKM61,2.023,58.07114,-4.56404
1314,UKC21,0.714,55.23898,-2.03931
1315,UKC22,0.042,54.95888,-1.55692
1316,UKC23,0.009,54.89566,-1.42354
1317,UKD11,0.268,54.6118,-3.26206
1318,UKD12,0.662,54.602,-2.7131
1319,UKD33,0.013,53.4367,-2.24265
1320,UKD34,0.024,53.44966,-2.36221
1321,UKD35,0.027,53.43245,-2.09905
1322,UKD36,0.044,53.54043,-2.51418
1323,UKD37,0.059,53.58403,-2.17097
1324,UKD41,0.019,53.69467,-2.468
1325,UKD42,0.002,53.82616,-3.03865
1326,UKD44,0.126,54.05109,-2.74417
1327,UKD45,0.144,53.86847,-2.61264
1328,UKD46,0.071,53.79259,-2.24462
1329,UKD47,0.088,53.6259,-2.77721
1330,UKD61,0.024,53.38227,-2.5681
1331,UKD62,0.143,53.19329,-2.29858
1332,UKD63,0.143,53.19802,-2.7186
1333,UKD71,0.04,53.43486,-2.76292
1334,UKD72,0.008,53.41504,-2.91932
1335,UKD73,0.016,53.52861,-3.00967
1336,UKD74,0.009,53.33071,-3.07988
1337,UKE11,0.007,53.75541,-0.32843
1338,UKE12,0.344,53.87405,-0.46318
1339,UKE13,0.121,53.58567,-0.49511
1340,UKE21,0.016,53.94538,-1.02281
1341,UKE22,1.16,54.18266,-1.41394
1342,UKE31,0.195,53.50111,-1.31137
1343,UKE32,0.025,53.37376,-1.57505
1344,UKE41,0.031,53.83428,-1.83685
1345,UKE42,0.078,53.82459,-1.49774
1346,UKE44,0.111,53.67508,-1.85724
1347,UKE45,0.035,53.66737,-1.41601
1348,UKF11,0.005,52.89806,-1.46098
1349,UKF12,0.049,53.24042,-1.37661
1350,UKF13,0.314,53.11761,-1.66869
1351,UKF14,0.002,52.99176,-1.16462
1352,UKF15,0.205,53.20203,-1.00572
1353,UKF16,0.038,52.95584,-1.13701
1354,UKF21,0.004,52.6189,-1.13227
1355,UKF22,0.368,52.68563,-1.03071
1356,UKF24,0.183,52.22654,-1.01921
1357,UKF25,0.138,52.42381,-0.61066
1358,UKF30,0.793,53.11035,-0.27597
1359,UKG11,0.28,52.10243,-2.73848
1360,UKG12,0.225,52.24922,-2.1487
1361,UKG13,0.247,52.33138,-1.54813
1362,UKG21,0.016,52.76543,-2.46533
1363,UKG22,0.497,52.64584,-2.75835
1364,UKG23,0.007,52.9955,-2.16717
1365,UKG24,0.342,52.82091,-2.04411
1366,UKG31,0.029,52.49508,-1.8779
1367,UKG32,0.026,52.42988,-1.72959
1368,UKG33,0.006,52.42644,-1.54021
1369,UKG36,0.014,52.48297,-2.09202
1370,UKG37,0.007,52.52088,-2.00219
1371,UKG38,0.009,52.57869,-1.97802
1372,UKG39,0.003,52.57471,-2.07872
1373,UKH11,0.015,52.62685,-0.3138
1374,UKH12,0.451,52.35334,0.03472
1375,UKH14,0.483,52.23171,1.03704
1376,UKH15,0.087,52.67682,1.46682
1377,UKH16,0.253,52.76129,0.66485
1378,UKH17,0.292,52.56401,1.02241
1379,UKH21,0.003,51.89584,-0.41338
1380,UKH23,0.205,51.81942,-0.26433
1381,UKH24,0.045,52.20707,-0.47717
1382,UKH25,0.1,52.02106,-0.42944
1383,UKH31,0.004,51.54927,0.69424
1384,UKH32,0.021,51.51181,0.3591
1385,UKH34,0.147,51.92448,0.77588
1386,UKH35,0.136,51.84278,0.21219
1387,UKH36,0.115,51.70983,0.51804
1388,UKH37,0.034,51.58504,0.65995
1389,UKI31,0.004,51.5377,-0.14628
1390,UKI32,0.003,51.51057,-0.15855
1391,UKI33,0.004,51.49912,-0.21028
1392,UKI34,0.005,51.45192,-0.18167
1393,UKI41,0.008,51.5344,0.00079
1394,UKI42,0.002,51.50237,-0.02857
1395,UKI43,0.006,51.57489,-0.10583
1396,UKI44,0.006,51.46115,-0.04919
1397,UKI45,0.003,51.4503,-0.1119
1398,UKI51,0.015,51.46541,0.10457
1399,UKI52,0.021,51.5578,0.18406
1400,UKI53,0.012,51.59806,0.03569
1401,UKI54,0.009,51.64448,-0.08772
1402,UKI61,0.017,51.38214,0.03564
1403,UKI62,0.01,51.36293,-0.08715
1404,UKI63,0.018,51.37539,-0.22817
1405,UKI71,0.01,51.61494,-0.21288
1406,UKI72,0.005,51.55943,-0.26165
1407,UKI73,0.006,51.52204,-0.31814
1408,UKI74,0.022,51.55904,-0.4084
1409,UKI75,0.016,51.45806,-0.3348
1410,UKJ11,0.185,51.439,-1.07546
1411,UKJ12,0.035,52.07901,-0.71059
1412,UKJ13,0.2,51.7755,-0.80083
1413,UKJ14,0.355,51.79525,-1.33632
1414,UKJ21,0.009,50.84361,-0.1481
1415,UKJ22,0.184,50.95906,0.26947
1416,UKJ25,0.141,51.26138,-0.5713
1417,UKJ26,0.084,51.21991,-0.17283
1418,UKJ27,0.096,50.94154,-0.65507
1419,UKJ28,0.112,51.00037,-0.28242
1420,UKJ31,0.001,50.84761,-1.07532
1421,UKJ32,0.003,50.91718,-1.40736
1422,UKJ34,0.047,50.66875,-1.31824
1423,UKJ35,0.013,50.89453,-1.26679
1424,UKJ36,0.321,51.01366,-1.31683
1425,UKJ37,0.083,51.25883,-1.08766
1426,UKJ41,0.018,51.39938,0.54335
1427,UKJ43,0.025,51.3346,0.80912
1428,UKJ44,0.145,51.18671,1.14511
1429,UKJ45,0.119,51.16837,0.75999
1430,UKJ46,0.172,51.24844,0.3216
1431,UKK11,0.005,51.49585,-2.62192
1432,UKK12,0.138,51.45641,-2.52834
1433,UKK13,0.38,51.83428,-2.12183
1434,UKK14,0.029,51.58374,-1.72528
1435,UKK15,0.432,51.29278,-1.92175
1436,UKK21,0.011,50.74453,-1.90564
1437,UKK22,0.345,50.82882,-2.33543
1438,UKK23,0.49,51.12144,-2.98173
1439,UKK30,0.455,50.42857,-4.80501
1440,UKK41,0.003,50.3965,-4.18168
1441,UKK42,0.008,50.44328,-3.54829
1442,UKK43,0.868,50.74489,-3.81052
1443,UKL11,0.036,53.27197,-4.31764
1444,UKL12,0.346,52.90204,-4.02375
1445,UKL13,0.265,53.12376,-3.55795
1446,UKL14,0.794,51.98167,-4.32534
1447,UKL15,0.066,51.65218,-3.41537
1448,UKL16,0.061,51.67734,-3.16224
1449,UKL17,0.088,51.64337,-3.71
1450,UKL18,0.029,51.66314,-4.03724
1451,UKL21,0.144,51.74904,-2.90039
1452,UKL22,0.022,51.51145,-3.31722
1453,UKL23,0.115,53.08533,-3.06243
1454,UKL24,0.64,52.31137,-3.42571
1455,UKM21,0.255,56.74816,-2.92946
1456,UKM22,0.207,56.22109,-3.12805
1457,UKM23,0.044,55.90574,-2.93776
1458,UKM24,0.792,55.5703,-2.82756
1459,UKM25,0.031,55.91851,-3.29866
1460,UKM26,0.051,56.00273,-3.78581
1461,UKM27,1.167,56.46911,-3.97649
1462,UKM28,0.071,55.87597,-3.58219
1463,UKM32,0.95,55.05894,-3.98336
1464,UKM33,0.224,55.56909,-4.41464
1465,UKM34,0.02,55.85512,-4.22146
1466,UKM35,0.067,55.83891,-4.50548
1467,UKM36,0.058,55.90264,-3.98323
1468,UKM37,0.181,55.2954,-4.66417
1469,UKM38,0.239,55.63438,-3.83342
1470,UKM50,0.838,57.2079,-2.65752
1471,UKM64,0.314,58.12841,-6.68297
1472,UKM65,0.011,58.98893,-2.99495
1473,UKM66,0.207,60.26265,-1.37629
1474,UKN01,0.004,54.63365,-5.96056
1475,UKN02,0.07,54.53772,-5.98677
1476,UKN03,0.499,54.60121,-6.02416
1477,UKN04,0.427,54.95668,-6.89602
1478,UKN05,0.881,54.45096,-7.00975
1479,BE324,0.007,50.75563,2.91885
